"filename", "language", "JSON", "Markdown", "JavaScript", "CSS", "HTML", "XML", "comment", "blank", "total"
"c:\Users\Tiago\reddit-books\README.md", "Markdown", 0, 26, 0, 0, 0, 0, 0, 21, 47
"c:\Users\Tiago\reddit-books\package-lock.json", "JSON", 26192, 0, 0, 0, 0, 0, 0, 1, 26193
"c:\Users\Tiago\reddit-books\package.json", "JSON", 46, 0, 0, 0, 0, 0, 0, 1, 47
"c:\Users\Tiago\reddit-books\public\index.html", "HTML", 0, 0, 0, 0, 20, 0, 23, 1, 44
"c:\Users\Tiago\reddit-books\public\manifest.json", "JSON", 25, 0, 0, 0, 0, 0, 0, 1, 26
"c:\Users\Tiago\reddit-books\src\app\App.css", "CSS", 0, 0, 0, 39, 0, 0, 0, 8, 47
"c:\Users\Tiago\reddit-books\src\app\App.js", "JavaScript", 0, 0, 34, 0, 0, 0, 0, 6, 40
"c:\Users\Tiago\reddit-books\src\app\App.test.js", "JavaScript", 0, 0, 64, 0, 0, 0, 0, 12, 76
"c:\Users\Tiago\reddit-books\src\app\store.js", "JavaScript", 0, 0, 11, 0, 0, 0, 0, 2, 13
"c:\Users\Tiago\reddit-books\src\features\components\buttonGoTop\GoTopButton.js", "JavaScript", 0, 0, 22, 0, 0, 0, 0, 7, 29
"c:\Users\Tiago\reddit-books\src\features\components\buttonGoTop\goTopButton.css", "CSS", 0, 0, 0, 25, 0, 0, 0, 3, 28
"c:\Users\Tiago\reddit-books\src\features\components\comments\AllComments.js", "JavaScript", 0, 0, 29, 0, 0, 0, 0, 8, 37
"c:\Users\Tiago\reddit-books\src\features\components\comments\Comment.js", "JavaScript", 0, 0, 33, 0, 0, 0, 0, 3, 36
"c:\Users\Tiago\reddit-books\src\features\components\comments\comments.css", "CSS", 0, 0, 0, 66, 0, 0, 0, 11, 77
"c:\Users\Tiago\reddit-books\src\features\components\comments\commentsSlice.js", "JavaScript", 0, 0, 37, 0, 0, 0, 0, 4, 41
"c:\Users\Tiago\reddit-books\src\features\components\communities\Community.js", "JavaScript", 0, 0, 29, 0, 0, 0, 0, 5, 34
"c:\Users\Tiago\reddit-books\src\features\components\communities\community.css", "CSS", 0, 0, 0, 35, 0, 0, 0, 7, 42
"c:\Users\Tiago\reddit-books\src\features\components\communities\data\communitiesData.js", "JavaScript", 0, 0, 37, 0, 0, 0, 0, 1, 38
"c:\Users\Tiago\reddit-books\src\features\components\hero\Hero.js", "JavaScript", 0, 0, 22, 0, 0, 0, 0, 5, 27
"c:\Users\Tiago\reddit-books\src\features\components\homepage\Home_desktop.js", "JavaScript", 0, 0, 64, 0, 0, 0, 0, 7, 71
"c:\Users\Tiago\reddit-books\src\features\components\homepage\Home_mobile.js", "JavaScript", 0, 0, 116, 0, 0, 0, 0, 8, 124
"c:\Users\Tiago\reddit-books\src\features\components\homepage\home.css", "CSS", 0, 0, 0, 67, 0, 0, 0, 10, 77
"c:\Users\Tiago\reddit-books\src\features\components\posts\Preview-post.js", "JavaScript", 0, 0, 58, 0, 0, 0, 0, 4, 62
"c:\Users\Tiago\reddit-books\src\features\components\posts\postsSlice.js", "JavaScript", 0, 0, 70, 0, 0, 0, 0, 6, 76
"c:\Users\Tiago\reddit-books\src\features\components\posts\preview-post.css", "CSS", 0, 0, 0, 84, 0, 0, 0, 15, 99
"c:\Users\Tiago\reddit-books\src\features\components\searchTerm\SearchTerm.js", "JavaScript", 0, 0, 42, 0, 0, 0, 0, 6, 48
"c:\Users\Tiago\reddit-books\src\features\components\searchTerm\search.css", "CSS", 0, 0, 0, 57, 0, 0, 0, 9, 66
"c:\Users\Tiago\reddit-books\src\features\components\searchTerm\search.test.js", "JavaScript", 0, 0, 18, 0, 0, 0, 0, 9, 27
"c:\Users\Tiago\reddit-books\src\features\components\searchTerm\searchTermSlice.js", "JavaScript", 0, 0, 12, 0, 0, 0, 0, 3, 15
"c:\Users\Tiago\reddit-books\src\features\utils\utilis.js", "JavaScript", 0, 0, 32, 0, 0, 0, 9, 7, 48
"c:\Users\Tiago\reddit-books\src\features\utils\utilis.test.js", "JavaScript", 0, 0, 44, 0, 0, 0, 0, 9, 53
"c:\Users\Tiago\reddit-books\src\img\searchIcons\comment-bubble.svg", "XML", 0, 0, 0, 0, 0, 1, 0, 1, 2
"c:\Users\Tiago\reddit-books\src\img\searchIcons\cross-circle.svg", "XML", 0, 0, 0, 0, 0, 2, 0, 1, 3
"c:\Users\Tiago\reddit-books\src\img\searchIcons\search.svg", "XML", 0, 0, 0, 0, 0, 2, 0, 1, 3
"c:\Users\Tiago\reddit-books\src\index.css", "CSS", 0, 0, 0, 8, 0, 0, 0, 1, 9
"c:\Users\Tiago\reddit-books\src\index.js", "JavaScript", 0, 0, 15, 0, 0, 0, 0, 3, 18
"c:\Users\Tiago\reddit-books\src\reportWebVitals.js", "JavaScript", 0, 0, 12, 0, 0, 0, 0, 2, 14
"c:\Users\Tiago\reddit-books\src\setupTests.js", "JavaScript", 0, 0, 1, 0, 0, 0, 4, 1, 6
"Total", "-", 26263, 26, 802, 381, 20, 5, 36, 210, 27743